index,mid,display_name
0,/m/09x0r,Speech
1,/m/0ytgt,Ambiant Sound
4,/m/0261r1,Ambiant Sound
5,/m/0brhx,Speech
6,/m/07p6fty,Speech
7,/m/07q4ntr,Speech
8,/m/07rwj3x,Ambiant Sound
9,/m/07sr1lc,Ambiant Sound
10,/t/dd00135,Ambiant Sound
11,/m/03qc9zr,Ambiant Sound
12,/m/02rtxlg,Ambiant Sound
13,/m/01j3sz,Ambiant Sound
14,/t/dd00001,Ambiant Sound
15,/m/07r660_,Ambiant Sound
16,/m/07s04w4,Ambiant Sound
17,/m/07sq110,Ambiant Sound
18,/m/07rgt08,Ambiant Sound
19,/m/0463cq4,Ambiant Sound
20,/t/dd00002,Ambiant Sound
21,/m/07qz6j3,Ambiant Sound
22,/m/07qw_06,Ambiant Sound
23,/m/07plz5l,Ambiant Sound
24,/m/015lz1,Ambiant Sound
25,/m/0l14jd,Ambiant Sound
26,/m/01swy6,Ambiant Sound
27,/m/02bk07,Ambiant Sound
28,/m/01c194,Ambiant Sound
29,/t/dd00005,Ambiant Sound
30,/t/dd00006,Ambiant Sound
31,/m/06bxc,Ambiant Sound
32,/m/02fxyj,Ambiant Sound
33,/m/07s2xch,Ambiant Sound
34,/m/07r4k75,Ambiant Sound
35,/m/01w250,Ambiant Sound
36,/m/0lyf6,Ambiant Sound
37,/m/07mzm6,Ambiant Sound
38,/m/01d3sd,Ambiant Sound
39,/m/07s0dtb,Ambiant Sound
40,/m/07pyy8b,Ambiant Sound
41,/m/07q0yl5,Ambiant Sound
42,/m/01b_21,Ambiant Sound
43,/m/0dl9sf8,Ambiant Sound
44,/m/01hsr_,Ambiant Sound
45,/m/07ppn3j,Ambiant Sound
46,/m/06h7j,Ambiant Sound
47,/m/07qv_x_,Ambiant Sound
48,/m/07pbtc8,Ambiant Sound
49,/m/03cczk,Ambiant Sound
50,/m/07pdhp0,Ambiant Sound
51,/m/0939n_,Ambiant Sound
52,/m/01g90h,Ambiant Sound
53,/m/03q5_w,Ambiant Sound
54,/m/02p3nc,Ambiant Sound
55,/m/02_nn,Ambiant Sound
56,/m/0k65p,Ambiant Sound
57,/m/025_jnm,Ambiant Sound
58,/m/0l15bq,Ambiant Sound
59,/m/01jg02,Ambiant Sound
60,/m/01jg1z,Ambiant Sound
61,/m/053hz1,Ambiant Sound
62,/m/028ght,Ambiant Sound
63,/m/07rkbfh,Ambiant Sound
64,/m/03qtwd,Ambiant Sound
65,/m/07qfr4h,Ambiant Sound
66,/t/dd00013,Ambiant Sound
67,/m/0jbk,Ambiant Sound
68,/m/068hy,Ambiant Sound
69,/m/0bt9lr,Ambiant Sound
70,/m/05tny_,Ambiant Sound
71,/m/07r_k2n,Ambiant Sound
72,/m/07qf0zm,Ambiant Sound
73,/m/07rc7d9,Ambiant Sound
74,/m/0ghcn6,Ambiant Sound
75,/t/dd00136,Ambiant Sound
76,/m/01yrx,Ambiant Sound
77,/m/02yds9,Ambiant Sound
78,/m/07qrkrw,Ambiant Sound
79,/m/07rjwbb,Ambiant Sound
80,/m/07r81j2,Ambiant Sound
81,/m/0ch8v,Ambiant Sound
82,/m/03k3r,Ambiant Sound
83,/m/07rv9rh,Ambiant Sound
84,/m/07q5rw0,Ambiant Sound
85,/m/01xq0k1,Ambiant Sound
86,/m/07rpkh9,Ambiant Sound
87,/m/0239kh,Ambiant Sound
88,/m/068zj,Ambiant Sound
89,/t/dd00018,Ambiant Sound
90,/m/03fwl,Ambiant Sound
91,/m/07q0h5t,Ambiant Sound
92,/m/07bgp,Ambiant Sound
93,/m/025rv6n,Ambiant Sound
94,/m/09b5t,Ambiant Sound
95,/m/07st89h,Ambiant Sound
96,/m/07qn5dc,Ambiant Sound
97,/m/01rd7k,Ambiant Sound
98,/m/07svc2k,Ambiant Sound
99,/m/09ddx,Ambiant Sound
100,/m/07qdb04,Ambiant Sound
101,/m/0dbvp,Ambiant Sound
102,/m/07qwf61,Ambiant Sound
103,/m/01280g,Ambiant Sound
104,/m/0cdnk,Ambiant Sound
105,/m/04cvmfc,Ambiant Sound
106,/m/015p6,Ambiant Sound
107,/m/020bb7,Ambiant Sound
108,/m/07pggtn,Ambiant Sound
109,/m/07sx8x_,Ambiant Sound
110,/m/0h0rv,Ambiant Sound
111,/m/07r_25d,Ambiant Sound
112,/m/04s8yn,Ambiant Sound
113,/m/07r5c2p,Ambiant Sound
114,/m/09d5_,Ambiant Sound
115,/m/07r_80w,Ambiant Sound
116,/m/05_wcq,Ambiant Sound
117,/m/01z5f,Ambiant Sound
118,/m/06hps,Ambiant Sound
119,/m/04rmv,Ambiant Sound
120,/m/07r4gkf,Ambiant Sound
121,/m/03vt0,Ambiant Sound
122,/m/09xqv,Ambiant Sound
123,/m/09f96,Ambiant Sound
124,/m/0h2mp,Ambiant Sound
125,/m/07pjwq1,Ambiant Sound
126,/m/01h3n,Ambiant Sound
127,/m/09ld4,Ambiant Sound
128,/m/07st88b,Ambiant Sound
129,/m/078jl,Ambiant Sound
130,/m/07qn4z3,Ambiant Sound
131,/m/032n05,Ambiant Sound
132,/m/04rlf,Music
133,/m/04szw,Music
134,/m/0fx80y,Music
135,/m/0342h,Music
136,/m/02sgy,Music
137,/m/018vs,Music
138,/m/042v_gx,Music
139,/m/06w87,Music
140,/m/01glhc,Music
141,/m/07s0s5r,Ambiant Sound
142,/m/018j2,Ambiant Sound
143,/m/0jtg0,Ambiant Sound
144,/m/04rzd,Ambiant Sound
145,/m/01bns_,Ambiant Sound
146,/m/07xzm,Ambiant Sound
147,/m/05148p4,Music
148,/m/05r5c,Music
149,/m/01s0ps,Music
150,/m/013y1f,Music
151,/m/03xq_f,Ambiant Sound
152,/m/03gvt,Ambiant Sound
153,/m/0l14qv,Ambiant Sound
154,/m/01v1d8,Ambiant Sound
155,/m/03q5t,Ambiant Sound
156,/m/0l14md,Ambiant Sound
157,/m/02hnl,Ambiant Sound
158,/m/0cfdd,Music
159,/m/026t6,Ambiant Sound
160,/m/06rvn,Ambiant Sound
161,/m/03t3fj,Ambiant Sound
162,/m/02k_mr,Ambiant Sound
163,/m/0bm02,Ambiant Sound
164,/m/011k_j,Ambiant Sound
165,/m/01p970,Ambiant Sound
166,/m/01qbl,Ambiant Sound
167,/m/03qtq,Ambiant Sound
168,/m/01sm1g,Ambiant Sound
169,/m/07brj,Ambiant Sound
170,/m/05r5wn,Ambiant Sound
171,/m/0xzly,Ambiant Sound
172,/m/0mbct,Ambiant Sound
173,/m/016622,Ambiant Sound
174,/m/0j45pbj,Ambiant Sound
175,/m/0dwsp,Ambiant Sound
176,/m/0dwtp,Ambiant Sound
177,/m/0dwt5,Ambiant Sound
178,/m/0l156b,Ambiant Sound
179,/m/05pd6,Ambiant Sound
180,/m/01kcd,Ambiant Sound
181,/m/0319l,Ambiant Sound
182,/m/07gql,Ambiant Sound
183,/m/07c6l,Ambiant Sound
184,/m/0l14_3,Ambiant Sound
185,/m/02qmj0d,Ambiant Sound
186,/m/07y_7,Ambiant Sound
187,/m/0d8_n,Ambiant Sound
188,/m/01xqw,Ambiant Sound
189,/m/02fsn,Ambiant Sound
190,/m/085jw,Ambiant Sound
191,/m/0l14j_,Ambiant Sound
192,/m/06ncr,Ambiant Sound
193,/m/01wy6,Ambiant Sound
194,/m/03m5k,Ambiant Sound
195,/m/0395lw,Ambiant Sound
196,/m/03w41f,Ambiant Sound
197,/m/027m70_,Ambiant Sound
198,/m/0gy1t2s,Ambiant Sound
199,/m/07n_g,Ambiant Sound
200,/m/0f8s22,Beep
201,/m/026fgl,Ambiant Sound
202,/m/0150b9,Ambiant Sound
203,/m/03qjg,Ambiant Sound
204,/m/0mkg,Ambiant Sound
205,/m/0192l,Ambiant Sound
206,/m/02bxd,Ambiant Sound
207,/m/0l14l2,Ambiant Sound
208,/m/07kc_,Ambiant Sound
209,/m/0l14t7,Ambiant Sound
210,/m/01hgjl,Ambiant Sound
211,/m/064t9,Music
212,/m/0glt670,Music
213,/m/02cz_7,Ambiant Sound
214,/m/06by7,Music
215,/m/03lty,Ambiant Sound
216,/m/05r6t,Ambiant Sound
217,/m/0dls3,Ambiant Sound
218,/m/0dl5d,Ambiant Sound
219,/m/07sbbz2,Ambiant Sound
220,/m/05w3f,Ambiant Sound
221,/m/06j6l,Ambiant Sound
222,/m/0gywn,Music
223,/m/06cqb,Ambiant Sound
224,/m/01lyv,Ambiant Sound
225,/m/015y_n,Music
226,/m/0gg8l,Ambiant Sound
227,/m/02x8m,Ambiant Sound
228,/m/02w4v,Ambiant Sound
229,/m/06j64v,Ambiant Sound
230,/m/03_d0,Ambiant Sound
231,/m/026z9,Ambiant Sound
232,/m/0ggq0m,Music
233,/m/05lls,Ambiant Sound
234,/m/02lkt,Music
235,/m/03mb9,Ambiant Sound
236,/m/07gxw,Ambiant Sound
237,/m/07s72n,Ambiant Sound
238,/m/0283d,Ambiant Sound
239,/m/0m0jc,Ambiant Sound
240,/m/08cyft,Ambiant Sound
241,/m/0fd3y,Ambiant Sound
242,/m/07lnk,Ambiant Sound
243,/m/0g293,Ambiant Sound
244,/m/0ln16,Ambiant Sound
245,/m/0326g,Ambiant Sound
246,/m/0155w,Ambiant Sound
247,/m/05fw6t,Ambiant Sound
248,/m/02v2lh,Ambiant Sound
249,/m/0y4f8,Ambiant Sound
250,/m/0z9c,Ambiant Sound
251,/m/0164x2,Ambiant Sound
252,/m/0145m,Ambiant Sound
253,/m/02mscn,Ambiant Sound
254,/m/016cjb,Ambiant Sound
255,/m/028sqc,Ambiant Sound
256,/m/015vgc,Ambiant Sound
257,/m/0dq0md,Ambiant Sound
258,/m/06rqw,Ambiant Sound
259,/m/02p0sh1,Ambiant Sound
260,/m/05rwpb,Ambiant Sound
261,/m/074ft,Ambiant Sound
262,/m/025td0t,Ambiant Sound
263,/m/02cjck,Ambiant Sound
264,/m/03r5q_,Ambiant Sound
265,/m/0l14gg,Ambiant Sound
266,/m/07pkxdp,Ambiant Sound
267,/m/01z7dr,Ambiant Sound
268,/m/0140xf,Ambiant Sound
269,/m/0ggx5q,Ambiant Sound
270,/m/04wptg,Ambiant Sound
271,/t/dd00031,Ambiant Sound
272,/t/dd00033,Ambiant Sound
273,/t/dd00034,Ambiant Sound
274,/t/dd00035,Ambiant Sound
275,/t/dd00036,Ambiant Sound
276,/t/dd00037,Ambiant Sound
277,/m/03m9d0z,Ambiant Sound
278,/m/09t49,Ambiant Sound
279,/t/dd00092,Ambiant Sound
280,/m/0jb2l,Ambiant Sound
281,/m/0ngt1,Ambiant Sound
282,/m/0838f,Ambiant Sound
283,/m/06mb1,Ambiant Sound
284,/m/07r10fb,Ambiant Sound
285,/t/dd00038,Ambiant Sound
286,/m/0j6m2,Ambiant Sound
287,/m/0j2kx,Ambiant Sound
288,/m/05kq4,Ambiant Sound
289,/m/034srq,Ambiant Sound
290,/m/06wzb,Ambiant Sound
291,/m/07swgks,Ambiant Sound
292,/m/02_41,Ambiant Sound
293,/m/07pzfmf,Ambiant Sound
294,/m/07yv9,Ambiant Sound
295,/m/019jd,Ambiant Sound
296,/m/0hsrw,Ambiant Sound
297,/m/056ks2,Ambiant Sound
298,/m/02rlv9,Ambiant Sound
299,/m/06q74,Ambiant Sound
300,/m/012f08,Ambiant Sound
301,/m/0k4j,Ambiant Sound
302,/m/0912c9,Ambiant Sound
303,/m/07qv_d5,Ambiant Sound
304,/m/02mfyn,Beep
305,/m/04gxbd,Ambiant Sound
306,/m/07rknqz,Ambiant Sound
307,/m/0h9mv,Ambiant Sound
308,/t/dd00134,Ambiant Sound
309,/m/0ltv,Ambiant Sound
310,/m/07r04,Ambiant Sound
311,/m/0gvgw0,Ambiant Sound
312,/m/05x_td,Ambiant Sound
313,/m/02rhddq,Ambiant Sound
314,/m/03cl9h,Ambiant Sound
315,/m/01bjv,Ambiant Sound
316,/m/03j1ly,Ambiant Sound
317,/m/04qvtq,Ambiant Sound
318,/m/012n7d,Ambiant Sound
319,/m/012ndj,Ambiant Sound
320,/m/04_sv,Ambiant Sound
321,/m/0btp2,Ambiant Sound
322,/m/06d_3,Ambiant Sound
323,/m/07jdr,Ambiant Sound
324,/m/04zmvq,Ambiant Sound
325,/m/0284vy3,Ambiant Sound
326,/m/01g50p,Ambiant Sound
327,/t/dd00048,Ambiant Sound
328,/m/0195fx,Ambiant Sound
329,/m/0k5j,Ambiant Sound
330,/m/014yck,Ambiant Sound
331,/m/04229,Ambiant Sound
332,/m/02l6bg,Ambiant Sound
333,/m/09ct_,Ambiant Sound
334,/m/0cmf2,Ambiant Sound
335,/m/0199g,Ambiant Sound
336,/m/06_fw,Ambiant Sound
337,/m/02mk9,Ambiant Sound
338,/t/dd00065,Ambiant Sound
339,/m/08j51y,Ambiant Sound
340,/m/01yg9g,Ambiant Sound
341,/m/01j4z9,Ambiant Sound
342,/t/dd00066,Ambiant Sound
343,/t/dd00067,Ambiant Sound
344,/m/01h82_,Ambiant Sound
345,/t/dd00130,Ambiant Sound
346,/m/07pb8fc,Ambiant Sound
347,/m/07q2z82,Ambiant Sound
348,/m/02dgv,Ambiant Sound
349,/m/03wwcy,Ambiant Sound
350,/m/07r67yg,Ambiant Sound
351,/m/02y_763,Ambiant Sound
352,/m/07rjzl8,Ambiant Sound
353,/m/07r4wb8,Ambiant Sound
354,/m/07qcpgn,Ambiant Sound
355,/m/07q6cd_,Ambiant Sound
356,/m/0642b4,Ambiant Sound
357,/m/0fqfqc,Ambiant Sound
358,/m/04brg2,Ambiant Sound
359,/m/023pjk,Ambiant Sound
360,/m/07pn_8q,Ambiant Sound
361,/m/0dxrf,Ambiant Sound
362,/m/0fx9l,Ambiant Sound
363,/m/02pjr4,Ambiant Sound
364,/m/02jz0l,Ambiant Sound
365,/m/0130jx,Ambiant Sound
366,/m/03dnzn,Ambiant Sound
367,/m/03wvsk,Ambiant Sound
368,/m/01jt3m,Ambiant Sound
369,/m/012xff,Ambiant Sound
370,/m/04fgwm,Ambiant Sound
371,/m/0d31p,Ambiant Sound
372,/m/01s0vc,Ambiant Sound
373,/m/03v3yw,Ambiant Sound
374,/m/0242l,Ambiant Sound
375,/m/01lsmm,Ambiant Sound
376,/m/02g901,Ambiant Sound
377,/m/05rj2,Ambiant Sound
378,/m/0316dw,Ambiant Sound
379,/m/0c2wf,Ambiant Sound
380,/m/01m2v,Ambiant Sound
381,/m/081rb,Ambiant Sound
382,/m/07pp_mv,Beep
383,/m/07cx4,Ambiant Sound
384,/m/07pp8cl,Ambiant Sound
385,/m/01hnzm,Ambiant Sound
386,/m/02c8p,Ambiant Sound
387,/m/015jpf,Ambiant Sound
388,/m/01z47d,Ambiant Sound
389,/m/046dlr,Beep
390,/m/03kmc9,Ambiant Sound
391,/m/0dgbq,Ambiant Sound
392,/m/030rvx,Ambiant Sound
393,/m/01y3hg,Beep
394,/m/0c3f7m,Ambiant Sound
395,/m/04fq5q,Ambiant Sound
396,/m/0l156k,Ambiant Sound
397,/m/06hck5,Ambiant Sound
398,/t/dd00077,Ambiant Sound
399,/m/02bm9n,Ambiant Sound
400,/m/01x3z,Ambiant Sound
401,/m/07qjznt,Ambiant Sound
402,/m/07qjznl,Ambiant Sound
403,/m/0l7xg,Ambiant Sound
404,/m/05zc1,Ambiant Sound
405,/m/0llzx,Ambiant Sound
406,/m/02x984l,Ambiant Sound
407,/m/025wky1,Ambiant Sound
408,/m/024dl,Ambiant Sound
409,/m/01m4t,Ambiant Sound
410,/m/0dv5r,Ambiant Sound
411,/m/07bjf,Ambiant Sound
412,/m/07k1x,Ambiant Sound
413,/m/03l9g,Ambiant Sound
414,/m/03p19w,Ambiant Sound
415,/m/01b82r,Ambiant Sound
416,/m/02p01q,Ambiant Sound
417,/m/023vsd,Ambiant Sound
418,/m/0_ksk,Ambiant Sound
419,/m/01d380,Ambiant Sound
420,/m/014zdl,Ambiant Sound
421,/m/032s66,Ambiant Sound
422,/m/04zjc,Ambiant Sound
423,/m/02z32qm,Ambiant Sound
424,/m/0_1c,Ambiant Sound
425,/m/073cg4,Ambiant Sound
426,/m/0g6b5,Ambiant Sound
427,/g/122z_qxw,Ambiant Sound
428,/m/07qsvvw,Ambiant Sound
429,/m/07pxg6y,Ambiant Sound
430,/m/07qqyl4,Ambiant Sound
431,/m/083vt,Ambiant Sound
432,/m/07pczhz,Ambiant Sound
433,/m/07pl1bw,Ambiant Sound
434,/m/07qs1cx,Ambiant Sound
435,/m/039jq,Beep
436,/m/07q7njn,Ambiant Sound
437,/m/07rn7sz,Ambiant Sound
438,/m/04k94,Ambiant Sound
439,/m/07rrlb6,Ambiant Sound
440,/m/07p6mqd,Ambiant Sound
441,/m/07qlwh6,Ambiant Sound
442,/m/07r5v4s,Ambiant Sound
443,/m/07prgkl,Ambiant Sound
444,/m/07pqc89,Ambiant Sound
445,/t/dd00088,Ambiant Sound
446,/m/07p7b8y,Ambiant Sound
447,/m/07qlf79,Ambiant Sound
448,/m/07ptzwd,Ambiant Sound
449,/m/07ptfmf,Ambiant Sound
450,/m/0dv3j,Ambiant Sound
451,/m/0790c,Ambiant Sound
452,/m/0dl83,Ambiant Sound
453,/m/07rqsjt,Ambiant Sound
454,/m/07qnq_y,Ambiant Sound
455,/m/07rrh0c,Ambiant Sound
456,/m/0b_fwt,Ambiant Sound
457,/m/02rr_,Ambiant Sound
458,/m/07m2kt,Ambiant Sound
459,/m/018w8,Ambiant Sound
460,/m/07pws3f,Ambiant Sound
461,/m/07ryjzk,Ambiant Sound
462,/m/07rdhzs,Ambiant Sound
463,/m/07pjjrj,Ambiant Sound
464,/m/07pc8lb,Ambiant Sound
465,/m/07pqn27,Ambiant Sound
466,/m/07rbp7_,Ambiant Sound
467,/m/07pyf11,Ambiant Sound
468,/m/07qb_dv,Ambiant Sound
469,/m/07qv4k0,Ambiant Sound
470,/m/07pdjhy,Ambiant Sound
471,/m/07s8j8t,Ambiant Sound
472,/m/07plct2,Ambiant Sound
473,/t/dd00112,Ambiant Sound
474,/m/07qcx4z,Ambiant Sound
475,/m/02fs_r,Beep
476,/m/07qwdck,Beep
477,/m/07phxs1,Beep
478,/m/07rv4dm,Ambiant Sound
479,/m/07s02z0,Ambiant Sound
480,/m/07qh7jl,Ambiant Sound
481,/m/07qwyj0,Ambiant Sound
482,/m/07s34ls,Ambiant Sound
483,/m/07qmpdm,Ambiant Sound
484,/m/07p9k1k,Ambiant Sound
485,/m/07qc9xj,Ambiant Sound
486,/m/07rwm0c,Ambiant Sound
487,/m/07phhsh,Ambiant Sound
488,/m/07qyrcz,Ambiant Sound
489,/m/07qfgpx,Ambiant Sound
490,/m/07rcgpl,Ambiant Sound
491,/m/07p78v5,Ambiant Sound
492,/t/dd00121,Ambiant Sound
493,/m/07s12q4,Silence
494,/m/028v0c,Silences
495,/m/01v_m0,Silence
496,/m/0b9m1,Silence
497,/m/0hdsk,Silence
498,/m/0c1dj,Silence
499,/m/07pt_g0,Silence
500,/t/dd00125,Ambiant Sound
501,/t/dd00126,Ambiant Sound
502,/t/dd00127,Ambiant Sound
503,/t/dd00128,Ambiant Sound
504,/t/dd00129,Ambiant Sound
505,/m/01b9nn,Ambiant Sound
506,/m/01jnbd,Ambiant Sound
507,/m/096m7z,Ambiant Sound
508,/m/06_y0by,Ambiant Sound
509,/m/07rgkc5,Ambiant Sound
510,/m/06xkwv,Ambiant Sound
511,/m/0g12c5,Ambiant Sound
512,/m/08p9q4,Ambiant Sound
513,/m/07szfh9,Ambiant Sound
514,/m/0chx_,Ambiant Sound
515,/m/0cj0r,Ambiant Sound
516,/m/07p_0gm,Ambiant Sound
517,/m/01jwx6,Ambiant Sound
518,/m/07c52,Ambiant Sound
519,/m/06bz3,Ambiant Sound
520,/m/07hvw1,Ambiant Sound
